Date,Open,High,Low,Close,Adj Close,Volume
2017-02-02,133.220001,135.490005,130.399994,130.83999599999999,130.83999599999999,54366400
2017-02-03,131.240005,132.850006,130.759995,130.979996,130.979996,24804900
2017-02-06,130.979996,132.059998,130.300003,132.059998,132.059998,17058500
2017-02-07,132.240005,133.0,131.66000400000001,131.83999599999999,131.83999599999999,14596400
2017-02-08,132.600006,134.440002,132.440002,134.199997,134.199997,22390600
2017-02-09,134.490005,134.5,133.309998,134.139999,134.139999,16470600
2017-02-10,134.100006,134.940002,133.679993,134.190002,134.190002,15061900
2017-02-13,134.699997,134.699997,133.699997,134.050003,134.050003,13526200
2017-02-14,134.100006,134.229996,132.550003,133.850006,133.850006,14340100
2017-02-15,133.449997,133.699997,132.66000400000001,133.440002,133.440002,13226500
2017-02-16,133.070007,133.869995,133.020004,133.83999599999999,133.83999599999999,12831100
2017-02-17,133.5,134.08999599999999,133.169998,133.529999,133.529999,12276500
2017-02-21,133.5,133.91000400000001,132.899994,133.720001,133.720001,14759100
2017-02-22,133.600006,136.78999299999998,133.46000700000002,136.119995,136.119995,27360100
2017-02-23,135.889999,136.119995,134.330002,135.360001,135.360001,18422500
2017-02-24,134.16000400000001,135.619995,134.16000400000001,135.440002,135.440002,12625700
2017-02-27,135.259995,137.179993,135.020004,136.41000400000001,136.41000400000001,14306700
2017-02-28,136.78999299999998,136.809998,134.75,135.53999299999998,135.53999299999998,16112100
2017-03-01,136.470001,137.479996,136.300003,137.419998,137.419998,16257000
2017-03-02,137.08999599999999,137.820007,136.309998,136.759995,136.759995,12294800
2017-03-03,136.630005,137.330002,136.080002,137.169998,137.169998,11160600
2017-03-06,136.880005,137.830002,136.509995,137.419998,137.419998,12748200
2017-03-07,137.029999,138.369995,136.990005,137.300003,137.300003,13527100
2017-03-08,137.149994,137.990005,137.050003,137.720001,137.720001,10184500
2017-03-09,137.720001,138.570007,137.399994,138.240005,138.240005,15535300
2017-03-10,138.91000400000001,139.490005,138.220001,138.78999299999998,138.78999299999998,16314100
2017-03-13,138.71000700000002,139.679993,138.669998,139.600006,139.600006,10955500
2017-03-14,139.46000700000002,139.46000700000002,138.520004,139.320007,139.320007,12944000
2017-03-15,139.28999299999998,140.100006,138.490005,139.720001,139.720001,19344800
2017-03-16,140.199997,140.25,139.729996,139.990005,139.990005,13612900
2017-03-17,140.33999599999999,140.33999599999999,139.699997,139.83999599999999,139.83999599999999,20592800
2017-03-20,139.71000700000002,140.190002,139.25,139.940002,139.940002,12099500
2017-03-21,141.149994,142.309998,138.399994,138.509995,138.509995,29894800
2017-03-22,137.929993,139.78999299999998,137.600006,139.58999599999999,139.58999599999999,17055400
2017-03-23,139.479996,140.389999,139.08999599999999,139.529999,139.529999,13022800
2017-03-24,140.080002,141.020004,139.759995,140.33999599999999,140.33999599999999,16664700
2017-03-27,139.050003,140.649994,138.770004,140.320007,140.320007,12800500
2017-03-28,140.360001,141.949997,140.009995,141.759995,141.759995,14679400
2017-03-29,141.990005,142.860001,141.429993,142.649994,142.649994,16527600
2017-03-30,142.399994,142.949997,141.850006,142.41000400000001,142.41000400000001,12404000
2017-03-31,142.309998,142.630005,141.889999,142.050003,142.050003,11478300
2017-04-03,141.929993,142.470001,140.820007,142.279999,142.279999,13564000
2017-04-04,141.860001,142.08999599999999,141.270004,141.729996,141.729996,12948600
2017-04-05,142.259995,143.440002,141.28999299999998,141.850006,141.850006,17158100
2017-04-06,142.110001,142.220001,140.91000400000001,141.169998,141.169998,15103400
2017-04-07,141.199997,141.550003,140.240005,140.779999,140.779999,11818300
2017-04-10,141.0,141.429993,140.630005,141.03999299999998,141.03999299999998,9039400
2017-04-11,140.800003,141.029999,138.809998,139.919998,139.919998,16638100
2017-04-12,139.720001,140.399994,139.440002,139.580002,139.580002,11612500
2017-04-13,139.619995,140.580002,139.330002,139.389999,139.389999,10965600
2017-04-17,139.759995,141.550003,139.75,141.419998,141.419998,11519700
2017-04-18,141.270004,141.91000400000001,140.610001,140.96000700000002,140.96000700000002,14807500
2017-04-19,141.350006,143.03999299999998,141.270004,142.270004,142.270004,15563900
2017-04-20,142.949997,144.25,142.690002,143.800003,143.800003,15968200
2017-04-21,143.899994,144.169998,142.270004,143.679993,143.679993,12382000
2017-04-24,144.96000700000002,145.669998,144.33999599999999,145.470001,145.470001,14407200
2017-04-25,145.78999299999998,147.149994,145.78999299999998,146.490005,146.490005,17767500
2017-04-26,147.08999599999999,147.58999599999999,146.08999599999999,146.559998,146.559998,12395000
2017-04-27,146.669998,147.75,146.139999,147.699997,147.699997,11275100
2017-04-28,149.5,151.529999,149.070007,150.25,150.25,30568000
2017-05-01,151.740005,152.570007,151.419998,152.46000700000002,152.46000700000002,25218300
2017-05-02,153.33999599999999,153.440002,151.66000400000001,152.779999,152.779999,21870400
2017-05-03,153.600006,153.600006,151.33999599999999,151.800003,151.800003,29782500
2017-05-04,150.169998,151.520004,148.720001,150.850006,150.850006,36225500
2017-05-05,151.449997,151.630005,149.78999299999998,150.240005,150.240005,17148500
2017-05-08,150.71000700000002,151.080002,149.740005,151.059998,151.059998,15827500
2017-05-09,151.490005,152.58999599999999,150.21000700000002,150.479996,150.479996,17453900
2017-05-10,150.229996,150.520004,148.860001,150.28999299999998,150.28999299999998,12080700
2017-05-11,150.309998,150.649994,149.41000400000001,150.03999299999998,150.03999299999998,11841900
2017-05-12,150.399994,150.46000700000002,149.630005,150.330002,150.330002,9598200
2017-05-15,150.169998,151.479996,149.770004,150.190002,150.190002,15064700
2017-05-16,150.110001,150.21000700000002,149.029999,149.779999,149.779999,14550800
2017-05-17,148.0,148.669998,144.419998,144.850006,144.850006,28300100
2017-05-18,144.720001,148.149994,144.509995,147.66000400000001,147.66000400000001,23031600
2017-05-19,148.449997,149.389999,147.96000700000002,148.059998,148.059998,16187900
2017-05-22,148.080002,148.58999599999999,147.690002,148.240005,148.240005,12586700
2017-05-23,148.520004,148.809998,147.25,148.070007,148.070007,12817800
2017-05-24,148.509995,150.229996,148.419998,150.03999299999998,150.03999299999998,17862400
2017-05-25,150.300003,152.58999599999999,149.949997,151.96000700000002,151.96000700000002,19891400
2017-05-26,152.229996,152.25,151.149994,152.130005,152.130005,14996200
2017-05-30,151.970001,152.899994,151.639999,152.380005,152.380005,13226000
2017-05-31,152.699997,153.350006,151.08999599999999,151.46000700000002,151.46000700000002,18023900
2017-06-01,151.75,152.28999299999998,150.300003,151.529999,151.529999,14530600
2017-06-02,151.850006,153.630005,151.300003,153.610001,153.610001,16854400
2017-06-05,153.639999,154.71000700000002,153.41000400000001,153.630005,153.630005,12520400
2017-06-06,153.41000400000001,154.520004,152.479996,152.809998,152.809998,13457100
2017-06-07,153.270004,153.75,152.33999599999999,153.119995,153.119995,12066700
2017-06-08,154.080002,154.729996,153.100006,154.71000700000002,154.71000700000002,17719700
2017-06-09,154.770004,155.58999599999999,146.610001,149.600006,149.600006,35577700
2017-06-12,148.169998,149.199997,144.559998,148.440002,148.440002,33170200
2017-06-13,150.149994,151.179993,148.899994,150.679993,150.679993,20483400
2017-06-14,151.259995,152.399994,149.050003,150.25,150.25,20808800
2017-06-15,147.669998,150.03999299999998,146.369995,149.800003,149.800003,18994200
2017-06-16,149.58999599999999,150.830002,148.600006,150.639999,150.639999,22882400
2017-06-19,151.71000700000002,153.570007,151.71000700000002,152.869995,152.869995,19026500
2017-06-20,152.880005,153.83999599999999,152.21000700000002,152.25,152.25,14743900
2017-06-21,152.360001,154.080002,151.880005,153.91000400000001,153.91000400000001,15039800
2017-06-22,153.009995,154.550003,152.91000400000001,153.399994,153.399994,13005500
2017-06-23,152.720001,155.199997,152.649994,155.070007,155.070007,18027000
2017-06-26,156.25,156.5,153.199997,153.58999599999999,153.58999599999999,18049700
2017-06-27,152.83999599999999,153.309998,150.389999,150.580002,150.580002,19360800
2017-06-28,150.919998,153.470001,149.860001,153.240005,153.240005,16719100
2017-06-29,152.279999,152.5,148.919998,151.03999299999998,151.03999299999998,23973500
2017-06-30,151.899994,151.919998,150.059998,150.979996,150.979996,17666000
2017-07-03,151.720001,152.149994,147.800003,148.429993,148.429993,13862700
2017-07-05,149.0,150.850006,148.130005,150.33999599999999,150.33999599999999,14334300
2017-07-06,149.029999,150.03999299999998,148.0,148.820007,148.820007,14951800
2017-07-07,149.25,151.990005,149.190002,151.440002,151.440002,13615900
2017-07-10,151.690002,153.979996,151.509995,153.5,153.5,13378700
2017-07-11,153.369995,155.419998,152.91000400000001,155.270004,155.270004,13667700
2017-07-12,156.490005,159.16000400000001,156.199997,158.899994,158.899994,22739400
2017-07-13,158.740005,159.779999,158.419998,159.259995,159.259995,13929200
2017-07-14,160.130005,160.320007,159.330002,159.970001,159.970001,16371200
2017-07-17,160.25,160.779999,158.809998,159.729996,159.729996,12858800
2017-07-18,159.66000400000001,163.729996,159.419998,162.860001,162.860001,23722900
2017-07-19,163.58999599999999,165.699997,163.169998,164.139999,164.139999,26273600
2017-07-20,164.800003,165.0,162.809998,164.529999,164.529999,18523100
2017-07-21,164.16000400000001,165.050003,163.75,164.429993,164.429993,14744000
2017-07-24,164.639999,166.169998,164.309998,166.0,166.0,17367000
2017-07-25,165.009995,165.53999299999998,163.860001,165.279999,165.279999,15383200
2017-07-26,166.009995,166.009995,164.100006,165.610001,165.610001,35236900
2017-07-27,174.699997,175.490005,167.5,170.440002,170.440002,68910700
2017-07-28,169.070007,173.429993,169.050003,172.449997,172.449997,24557600
2017-07-31,172.0,172.720001,168.550003,169.25,169.25,25478900
2017-08-01,169.820007,170.470001,169.050003,169.860001,169.860001,14385000
2017-08-02,170.300003,170.550003,166.91000400000001,169.300003,169.300003,17433800
2017-08-03,169.300003,169.699997,168.25,168.58999599999999,168.58999599999999,10793800
2017-08-04,168.970001,170.059998,168.690002,169.619995,169.619995,10777700
2017-08-07,169.949997,172.059998,169.66000400000001,171.979996,171.979996,12787800
2017-08-08,171.880005,173.050003,170.619995,171.229996,171.229996,14393500
2017-08-09,169.979996,171.449997,169.559998,171.179993,171.179993,10815000
2017-08-10,170.059998,170.58999599999999,166.850006,167.399994,167.399994,20832700
2017-08-11,167.949997,168.820007,166.850006,168.080002,168.080002,13791200
2017-08-14,170.08999599999999,171.080002,169.28999299999998,170.75,170.75,12954200
2017-08-15,171.490005,171.5,170.009995,171.0,171.0,8729200
2017-08-16,171.25,171.380005,169.240005,170.0,170.0,15779900
2017-08-17,169.33999599999999,169.860001,166.850006,166.91000400000001,166.91000400000001,17216000
2017-08-18,166.83999599999999,168.669998,166.21000700000002,167.41000400000001,167.41000400000001,15093600
2017-08-21,167.16000400000001,168.0,165.820007,167.779999,167.779999,11907500
2017-08-22,168.279999,169.869995,167.149994,169.639999,169.639999,11391000
2017-08-23,168.83999599999999,169.360001,168.199997,168.71000700000002,168.71000700000002,9856500
2017-08-24,168.880005,169.28999299999998,166.41000400000001,167.740005,167.740005,14030400
2017-08-25,167.860001,168.380005,166.179993,166.320007,166.320007,12614500
2017-08-28,166.91000400000001,167.699997,166.330002,167.240005,167.240005,8553700
2017-08-29,165.25,168.429993,165.0,168.050003,168.050003,11121000
2017-08-30,168.169998,170.179993,167.630005,169.919998,169.919998,11138300
2017-08-31,170.399994,172.149994,170.059998,171.970001,171.970001,17226500
2017-09-01,172.399994,172.919998,171.309998,172.020004,172.020004,11677600
2017-09-05,171.270004,172.389999,169.550003,170.720001,170.720001,13210900
2017-09-06,170.91000400000001,172.479996,169.570007,172.08999599999999,172.08999599999999,13906300
2017-09-07,171.940002,173.309998,170.270004,173.21000700000002,173.21000700000002,18049500
2017-09-08,173.08999599999999,173.490005,170.800003,170.949997,170.949997,10998500
2017-09-11,172.399994,173.889999,172.199997,173.509995,173.509995,12372000
2017-09-12,173.759995,174.0,171.75,172.96000700000002,172.96000700000002,11186300
2017-09-13,173.009995,173.169998,172.059998,173.050003,173.050003,9119300
2017-09-14,172.259995,172.279999,170.5,170.96000700000002,170.96000700000002,15615700
2017-09-15,170.880005,172.33999599999999,170.259995,171.639999,171.639999,15660500
2017-09-18,171.990005,172.070007,169.33999599999999,170.009995,170.009995,12954000
2017-09-19,170.619995,172.559998,170.360001,172.520004,172.520004,13168600
2017-09-20,172.5,173.050003,170.699997,172.169998,172.169998,12264100
2017-09-21,171.690002,172.270004,170.009995,171.110001,171.110001,11161400
2017-09-22,170.21000700000002,171.729996,169.220001,170.53999299999998,170.53999299999998,12097100
2017-09-25,169.240005,169.300003,161.559998,162.869995,162.869995,41251600
2017-09-26,164.5,165.5,162.779999,164.21000700000002,164.21000700000002,23363300
2017-09-27,165.899994,168.33999599999999,165.570007,167.679993,167.679993,19242500
2017-09-28,167.940002,169.070007,167.16000400000001,168.729996,168.729996,12178700
2017-09-29,168.830002,171.66000400000001,168.809998,170.869995,170.869995,15340400
2017-10-02,171.389999,171.869995,168.75,169.470001,169.470001,13392300
2017-10-03,169.300003,170.729996,169.199997,169.96000700000002,169.96000700000002,8190300
2017-10-04,169.830002,170.669998,168.28999299999998,168.419998,168.419998,12127900
2017-10-05,169.179993,171.309998,168.600006,171.240005,171.240005,14580600
2017-10-06,170.25,172.369995,169.75,172.229996,172.229996,13124500
2017-10-09,172.699997,174.880005,172.0,172.5,172.5,14570400
2017-10-10,173.0,173.199997,170.800003,171.58999599999999,171.58999599999999,11341100
2017-10-11,171.949997,172.779999,171.399994,172.740005,172.740005,11283700
2017-10-12,172.610001,173.850006,172.28999299999998,172.550003,172.550003,10351000
2017-10-13,173.449997,174.649994,173.199997,173.740005,173.740005,13658300
2017-10-16,174.490005,175.0,174.059998,174.520004,174.520004,11498800
2017-10-17,174.71000700000002,176.130005,174.360001,176.110001,176.110001,15990100
2017-10-18,176.649994,176.740005,175.75,176.029999,176.029999,12752400
2017-10-19,174.929993,176.029999,172.630005,174.559998,174.559998,14048400
2017-10-20,175.5,175.880005,174.630005,174.979996,174.979996,12602200
2017-10-23,175.199997,175.33999599999999,171.25,171.270004,171.270004,13852700
2017-10-24,172.300003,173.240005,171.5,171.800003,171.800003,12267900
2017-10-25,171.899994,172.25,168.889999,170.600006,170.600006,15868200
2017-10-26,171.380005,172.28999299999998,170.389999,170.630005,170.630005,11833100
2017-10-27,174.149994,178.21000700000002,173.899994,177.880005,177.880005,30285300
2017-10-30,179.259995,180.690002,177.610001,179.869995,179.869995,24353200
2017-10-31,180.570007,180.800003,178.940002,180.059998,180.059998,20174200
2017-11-01,182.360001,182.899994,180.570007,182.66000400000001,182.66000400000001,40918300
2017-11-02,180.630005,181.940002,177.33999599999999,178.919998,178.919998,35529900
2017-11-03,179.28999299999998,179.860001,176.71000700000002,178.919998,178.919998,17822100
2017-11-06,178.559998,180.449997,178.309998,180.169998,180.169998,13312700
2017-11-07,180.5,180.75,178.96000700000002,180.25,180.25,12928200
2017-11-08,179.78999299999998,180.350006,179.110001,179.559998,179.559998,10494100
2017-11-09,178.309998,179.399994,177.08999599999999,179.300003,179.300003,12610300
2017-11-10,178.350006,179.100006,177.96000700000002,178.46000700000002,178.46000700000002,11070200
2017-11-13,177.5,179.03999299999998,177.300003,178.770004,178.770004,9523400
2017-11-14,178.130005,178.970001,177.179993,178.070007,178.070007,9585900
2017-11-15,176.66000400000001,178.570007,176.399994,177.949997,177.949997,10253700
2017-11-16,178.759995,179.830002,178.5,179.58999599999999,179.58999599999999,15607600
2017-11-17,179.300003,179.979996,178.899994,179.0,179.0,13018000
2017-11-20,178.869995,179.5,178.100006,178.740005,178.740005,10052400
2017-11-21,179.149994,181.889999,178.990005,181.860001,181.860001,14504000
2017-11-22,181.300003,181.729996,180.440002,180.869995,180.869995,10376300
2017-11-24,180.399994,183.149994,180.28999299999998,182.779999,182.779999,9426300
2017-11-27,182.559998,183.729996,181.990005,183.029999,183.029999,12344500
2017-11-28,183.509995,184.25,182.08999599999999,182.419998,182.419998,14379700
2017-11-29,181.889999,181.970001,174.0,175.130005,175.130005,41933500
2017-11-30,176.850006,178.279999,175.199997,177.179993,177.179993,25307600
2017-12-01,176.029999,177.479996,172.33999599999999,175.100006,175.100006,20182500
2017-12-04,176.28999299999998,176.570007,170.78999299999998,171.470001,171.470001,24459400
2017-12-05,170.449997,175.380005,169.009995,172.830002,172.830002,20184900
2017-12-06,172.5,176.770004,171.899994,176.059998,176.059998,20255800
2017-12-07,175.800003,180.389999,175.800003,180.139999,180.139999,20404500
2017-12-08,181.529999,182.279999,178.740005,179.0,179.0,19883800
2017-12-11,179.300003,180.220001,178.800003,179.03999299999998,179.03999299999998,13168600
2017-12-12,178.600006,179.179993,176.600006,176.96000700000002,176.96000700000002,16854100
2017-12-13,177.300003,179.16000400000001,177.25,178.300003,178.300003,14615700
2017-12-14,178.28999299999998,180.360001,177.679993,178.389999,178.389999,13591000
2017-12-15,179.020004,180.490005,178.360001,180.179993,180.179993,28463100
2017-12-18,181.009995,181.300003,179.75,180.820007,180.820007,17265400
2017-12-19,179.949997,180.080002,178.220001,179.509995,179.509995,14920600
2017-12-20,179.809998,179.809998,177.360001,177.889999,177.889999,11860500
2017-12-21,177.940002,178.679993,177.050003,177.449997,177.449997,11600700
2017-12-22,177.139999,177.529999,176.229996,177.199997,177.199997,8509500
2017-12-26,176.630005,177.0,174.669998,175.990005,175.990005,8897300
2017-12-27,176.550003,178.440002,176.259995,177.619995,177.619995,9496100
2017-12-28,177.949997,178.940002,177.679993,177.919998,177.919998,12220800
2017-12-29,178.0,178.850006,176.46000700000002,176.46000700000002,176.46000700000002,10261500
2018-01-02,177.679993,181.580002,177.550003,181.419998,181.419998,18151900
2018-01-03,181.880005,184.779999,181.330002,184.669998,184.669998,16886600
2018-01-04,184.899994,186.21000700000002,184.100006,184.330002,184.330002,13880900
2018-01-05,185.58999599999999,186.899994,184.929993,186.850006,186.850006,13574500
2018-01-08,187.199997,188.899994,186.330002,188.279999,188.279999,17994700
2018-01-09,188.699997,188.800003,187.100006,187.869995,187.869995,12393100
2018-01-10,186.940002,187.889999,185.630005,187.83999599999999,187.83999599999999,10529900
2018-01-11,188.399994,188.399994,187.380005,187.770004,187.770004,9588600
2018-01-12,178.059998,181.479996,177.399994,179.369995,179.369995,77551300
2018-01-16,181.5,181.75,178.03999299999998,178.389999,178.389999,36183800
2018-01-17,179.259995,179.320007,175.800003,177.600006,177.600006,27649100
2018-01-18,178.130005,180.979996,177.080002,179.800003,179.800003,23304900
2018-01-19,180.850006,182.369995,180.169998,181.28999299999998,181.28999299999998,26826500
2018-01-22,180.800003,185.389999,180.41000400000001,185.369995,185.369995,21059500
2018-01-23,186.050003,189.550003,185.550003,189.350006,189.350006,25678800
2018-01-24,189.889999,190.66000400000001,186.520004,186.550003,186.550003,24334500
2018-01-25,187.949997,188.619995,186.600006,187.479996,187.479996,17377700
2018-01-26,187.75,190.0,186.809998,190.0,190.0,17759200
2018-01-29,188.75,188.83999599999999,185.630005,185.979996,185.979996,20453200
2018-01-30,187.619995,188.179993,181.83999599999999,187.119995,187.119995,20858600
2018-01-31,188.369995,189.830002,185.220001,186.889999,186.889999,43275100
2018-02-01,188.220001,195.320007,187.889999,193.08999599999999,193.08999599999999,54211300
2018-02-02,192.03999299999998,194.21000700000002,189.979996,190.279999,190.279999,26677500
2018-02-05,186.929993,190.610001,180.610001,181.259995,181.259995,33128200
2018-02-06,178.570007,185.770004,177.740005,185.309998,185.309998,37758500
2018-02-07,184.149994,185.080002,179.949997,180.179993,180.179993,27601900
2018-02-08,181.009995,181.83999599999999,171.479996,171.580002,171.580002,38478300
2018-02-09,174.759995,176.899994,167.179993,176.110001,176.110001,39887600
2018-02-12,177.059998,177.550003,171.83999599999999,176.41000400000001,176.41000400000001,32092100
2018-02-13,175.619995,175.970001,173.100006,173.149994,173.149994,21809400
2018-02-14,173.449997,179.809998,173.21000700000002,179.520004,179.520004,28929700
2018-02-15,180.5,180.5,176.83999599999999,179.96000700000002,179.96000700000002,20922100
2018-02-16,178.990005,179.880005,176.300003,177.360001,177.360001,21015600
2018-02-20,175.770004,177.949997,175.110001,176.009995,176.009995,21204900
2018-02-21,176.71000700000002,181.270004,176.399994,177.91000400000001,177.91000400000001,23200800
2018-02-22,178.699997,180.21000700000002,177.41000400000001,178.990005,178.990005,18464200
2018-02-23,179.899994,183.389999,179.509995,183.28999299999998,183.28999299999998,19007300
2018-02-26,184.580002,185.66000400000001,183.220001,184.929993,184.929993,17599700
2018-02-27,184.449997,184.699997,181.46000700000002,181.46000700000002,181.46000700000002,15849800
2018-02-28,182.300003,182.880005,178.139999,178.320007,178.320007,18783000
2018-03-01,179.009995,180.119995,174.41000400000001,175.940002,175.940002,23201600
2018-03-02,173.28999299999998,177.110001,172.990005,176.619995,176.619995,20025900
2018-03-05,176.199997,181.149994,175.889999,180.399994,180.399994,16189300
2018-03-06,181.779999,182.380005,179.110001,179.779999,179.779999,15086800
2018-03-07,178.740005,183.820007,178.070007,183.71000700000002,183.71000700000002,19097300
2018-03-08,183.559998,184.399994,181.449997,182.33999599999999,182.33999599999999,17225900
2018-03-09,183.91000400000001,185.509995,183.21000700000002,185.229996,185.229996,18526300
2018-03-12,185.229996,186.100006,184.220001,184.759995,184.759995,15301200
2018-03-13,185.610001,185.990005,181.110001,181.880005,181.880005,18067500
2018-03-14,182.600006,184.25,181.850006,184.190002,184.190002,16821700
2018-03-15,183.240005,184.0,182.190002,183.860001,183.860001,15614300
2018-03-16,184.490005,185.330002,183.41000400000001,185.08999599999999,185.08999599999999,24403400
2018-03-19,177.009995,177.169998,170.059998,172.559998,172.559998,88140100
2018-03-20,167.470001,170.199997,161.949997,168.149994,168.149994,129851800
2018-03-21,164.800003,173.399994,163.300003,169.389999,169.389999,106598800
2018-03-22,166.130005,170.270004,163.720001,164.889999,164.889999,73743000
2018-03-23,165.440002,166.600006,159.020004,159.389999,159.389999,53609700
2018-03-26,160.820007,161.100006,149.020004,160.059998,160.059998,126116600
2018-03-27,156.309998,162.850006,150.75,152.220001,152.220001,79117000
2018-03-28,151.649994,155.880005,150.800003,153.029999,153.029999,60029200
2018-03-29,155.149994,161.419998,154.139999,159.78999299999998,159.78999299999998,59434300
2018-04-02,157.809998,159.199997,154.110001,155.389999,155.389999,36796000
2018-04-03,156.550003,157.389999,150.809998,156.110001,156.110001,42543900
2018-04-04,152.029999,155.559998,150.509995,155.100006,155.100006,49885600
2018-04-05,161.559998,161.570007,156.649994,159.33999599999999,159.33999599999999,41449600
2018-04-06,157.729996,161.419998,156.809998,157.199997,157.199997,41644800
2018-04-09,157.820007,160.529999,156.03999299999998,157.929993,157.929993,34915200
2018-04-10,157.929993,165.979996,157.009995,165.03999299999998,165.03999299999998,57889300
2018-04-11,165.360001,168.649994,163.25,166.320007,166.320007,56144600
2018-04-12,166.979996,167.449997,163.100006,163.869995,163.869995,38263000
2018-04-13,164.580002,165.699997,163.770004,164.520004,164.520004,19990600
2018-04-16,165.720001,165.779999,163.389999,164.830002,164.830002,18119400
2018-04-17,165.830002,169.0,165.66000400000001,168.66000400000001,168.66000400000001,22743000
2018-04-18,166.880005,168.119995,165.770004,166.360001,166.360001,20969600
2018-04-19,166.199997,168.330002,165.199997,168.100006,168.100006,22235000
2018-04-20,167.78999299999998,168.429993,165.809998,166.279999,166.279999,19119400
2018-04-23,167.270004,168.449997,165.08999599999999,165.83999599999999,165.83999599999999,23088100
2018-04-24,165.429993,166.100006,158.190002,159.690002,159.690002,35079900
2018-04-25,160.139999,161.059998,156.190002,159.690002,159.690002,41083600
2018-04-26,173.220001,176.270004,170.800003,174.16000400000001,174.16000400000001,77556900
2018-04-27,176.809998,177.100006,172.600006,173.58999599999999,173.58999599999999,29804700
2018-04-30,173.78999299999998,175.720001,171.71000700000002,172.0,172.0,20750500
2018-05-01,172.0,174.020004,170.229996,173.860001,173.860001,26025900
2018-05-02,174.25,178.080002,174.199997,176.070007,176.070007,30424500
2018-05-03,175.130005,176.119995,172.119995,174.020004,174.020004,24026100
2018-05-04,173.080002,176.979996,173.059998,176.610001,176.610001,17677800
2018-05-07,177.350006,179.5,177.169998,177.970001,177.970001,18697200
2018-05-08,178.25,179.03999299999998,177.110001,178.919998,178.919998,15577200
2018-05-09,179.669998,183.009995,178.779999,182.66000400000001,182.66000400000001,23282800
2018-05-10,183.149994,186.130005,182.5,185.529999,185.529999,21071400
2018-05-11,184.850006,188.320007,184.179993,186.990005,186.990005,21207800
2018-05-14,187.71000700000002,187.860001,186.199997,186.639999,186.639999,15646700
2018-05-15,184.880005,185.28999299999998,183.199997,184.320007,184.320007,15429400
2018-05-16,183.699997,184.320007,182.66000400000001,183.199997,183.199997,16975500
2018-05-17,182.679993,184.059998,182.220001,183.759995,183.759995,14840700
2018-05-18,183.490005,184.190002,182.610001,182.679993,182.679993,13130500
2018-05-21,183.770004,185.300003,183.130005,184.490005,184.490005,13532900
2018-05-22,184.929993,185.419998,183.429993,183.800003,183.800003,12731400
2018-05-23,182.5,186.91000400000001,182.179993,186.899994,186.899994,16338900
2018-05-24,185.880005,186.800003,185.029999,185.929993,185.929993,11583400
2018-05-25,186.020004,186.330002,184.449997,184.919998,184.919998,10965100
2018-05-29,184.33999599999999,186.809998,183.71000700000002,185.740005,185.740005,16308900
2018-05-30,186.53999299999998,188.0,185.25,187.669998,187.669998,13736900
2018-05-31,187.869995,192.720001,187.479996,191.779999,191.779999,30782600
2018-06-01,193.070007,194.550003,192.070007,193.990005,193.990005,17114400
2018-06-04,191.83999599999999,193.979996,191.470001,193.279999,193.279999,18841600
2018-06-05,194.300003,195.0,192.619995,192.940002,192.940002,15544300
2018-06-06,191.029999,192.529999,189.110001,191.33999599999999,191.33999599999999,22558900
2018-06-07,190.75,190.970001,186.770004,188.179993,188.179993,21503200
2018-06-08,187.529999,189.479996,186.429993,189.100006,189.100006,12677100
2018-06-11,188.809998,192.600006,188.800003,191.53999299999998,191.53999299999998,12928900
2018-06-12,192.169998,193.279999,191.559998,192.399994,192.399994,11562700
2018-06-13,192.740005,194.5,191.91000400000001,192.41000400000001,192.41000400000001,15853800
2018-06-14,193.100006,197.279999,192.91000400000001,196.809998,196.809998,19120900
2018-06-15,195.78999299999998,197.070007,194.639999,195.850006,195.850006,21860900
2018-06-18,194.800003,199.580002,194.130005,198.309998,198.309998,16826000
2018-06-19,196.240005,197.96000700000002,193.78999299999998,197.490005,197.490005,19994000
2018-06-20,199.100006,203.550003,198.809998,202.0,202.0,28230900
2018-06-21,202.759995,203.389999,200.08999599999999,201.5,201.5,19045700
2018-06-22,201.16000400000001,202.240005,199.309998,201.740005,201.740005,17420200
2018-06-25,200.0,200.0,193.110001,196.350006,196.350006,25275100
2018-06-26,197.600006,199.100006,196.229996,199.0,199.0,17897600
2018-06-27,199.179993,200.75,195.800003,195.83999599999999,195.83999599999999,18734400
2018-06-28,195.179993,197.33999599999999,193.259995,196.229996,196.229996,18172400
2018-06-29,197.320007,197.600006,193.96000700000002,194.320007,194.320007,15811600
2018-07-02,193.369995,197.449997,192.220001,197.360001,197.360001,13961600
2018-07-03,194.550003,195.399994,192.520004,192.729996,192.729996,13489500
2018-07-05,194.740005,198.649994,194.029999,198.449997,198.449997,19684200
2018-07-06,198.449997,203.639999,197.699997,203.229996,203.229996,19740100
2018-07-09,204.929993,205.800003,202.119995,204.740005,204.740005,18149400
2018-07-10,204.5,204.91000400000001,202.259995,203.53999299999998,203.53999299999998,13190100
2018-07-11,202.220001,204.5,201.75,202.53999299999998,202.53999299999998,12927400
2018-07-12,203.429993,207.080002,203.190002,206.919998,206.919998,15454700
2018-07-13,207.809998,208.429993,206.449997,207.320007,207.320007,11486800
2018-07-16,207.5,208.720001,206.83999599999999,207.229996,207.229996,11078200
2018-07-17,204.899994,210.460007,204.83999599999999,209.99000499999997,209.99000499999997,15349900
2018-07-18,209.82000699999998,210.99000499999997,208.440002,209.360001,209.360001,15334900
2018-07-19,208.770004,209.99000499999997,207.759995,208.08999599999999,208.08999599999999,11350400
2018-07-20,208.850006,211.5,208.5,209.940002,209.940002,16163900
2018-07-23,210.580002,211.61999500000002,208.800003,210.91000400000001,210.91000400000001,16732000
2018-07-24,215.11000099999998,216.19999700000002,212.600006,214.669998,214.669998,28468700
2018-07-25,215.72000099999997,218.61999500000002,214.270004,217.5,217.5,58954200
2018-07-26,174.889999,180.130005,173.75,176.259995,176.259995,169803700
2018-07-27,179.869995,179.929993,173.0,174.889999,174.889999,60073700
2018-07-30,175.300003,175.300003,166.559998,171.059998,171.059998,65280800
2018-07-31,170.669998,174.240005,170.0,172.580002,172.580002,40356500
2018-08-01,173.929993,175.080002,170.899994,171.649994,171.649994,33997400
